term,definition,exampleSentence,partOfSpeech
ambitious,having a strong desire for success,She is an ambitious student.,adjective
resilience,the capacity to recover quickly from difficulties,Her resilience helped her succeed.,noun
meticulous,showing great attention to detail,He is meticulous about his work.,adjective
eloquent,fluent or persuasive in speaking or writing,His speech was remarkably eloquent.,adjective
perseverance,persistence in doing something despite difficulty,Perseverance pays off in the end.,noun
ubiquitous,present or found everywhere,Smartphones have become ubiquitous in daily life.,adjective
pragmatic,dealing with things sensibly and realistically,We need a pragmatic solution to this problem.,adjective
tenacious,tending to keep a firm hold of something,She is a tenacious negotiator.,adjective
innovative,featuring new methods or advanced ideas,The company introduced an innovative product line.,adjective
versatile,able to adapt to many different functions,This jacket is versatile for all weather conditions.,adjective
